{
    "metricas": {
        "R2": [
            0.6224156804790437,
            0.679835073066254,
            0.6448786924138179,
            0.7359950836016134,
            0.6634806628561084
        ],
        "MSE": [
            50819.77553272144,
            51955.47769327448,
            54479.58915631076,
            33455.59889547697,
            51654.40326909941
        ],
        "RMSE": [
            225.4324189923034,
            227.93744249963515,
            233.40863128065928,
            182.90871738513988,
            227.27605080408145
        ],
        "MAPE": [
            6.7984700074284,
            7.754340388279048,
            7.997818658297909,
            5.9835752646069125,
            8.531032193877927
        ]
    },
    "medias": {
        "R2": 0.6693210384833674,
        "Desvio R2": 0.03843858502599935,
        "MSE": 48472.968909376614,
        "Desvio MSE": 7607.335700069731,
        "RMSE": 219.3926521923638,
        "Desvio RMSE": 18.43456192528276,
        "MAPE": 7.413047302498039,
        "Desvio MAPE": 0.9087820734419628
    },
    "Tempo de Execucao (s)": 2.764768600463867
}