{
    "metricas": {
        "R2": [
            0.8173334221762685,
            0.7749366519836814,
            0.796273275697635,
            0.8629454594006484,
            0.828851514162584
        ],
        "MSE": [
            24585.434305402097,
            36522.65683634761,
            31253.963091077847,
            17368.016473513646,
            26270.623796461114
        ],
        "RMSE": [
            156.79743079974907,
            191.10901819733053,
            176.78790425557358,
            131.78777057645996,
            162.08215138151738
        ],
        "MAPE": [
            4.560227401233345,
            5.7110586787379605,
            5.428490279584204,
            4.378309455326534,
            5.611470096370189
        ]
    },
    "medias": {
        "R2": 0.8160680646841636,
        "Desvio R2": 0.02981990820681327,
        "MSE": 27200.138900560465,
        "Desvio MSE": 6445.372620722948,
        "RMSE": 163.7128550421261,
        "Desvio RMSE": 19.955951355830422,
        "MAPE": 5.137911182250446,
        "Desvio MAPE": 0.5564001517029774
    },
    "Tempo de Execucao (s)": 78.39168930053711
}