{
    "metricas": {
        "R2": [
            0.4676531440589541,
            0.5592452445484206,
            0.44099771611117544,
            0.636160286780608,
            0.7021705468290009
        ],
        "MSE": [
            71649.55302910146,
            71524.46110940805,
            85757.2162332496,
            46107.00313377855,
            45715.65726379653
        ],
        "RMSE": [
            267.6743413723128,
            267.44057491227477,
            292.84333052546987,
            214.72541333940552,
            213.81220092360616
        ],
        "MAPE": [
            8.344204616459718,
            8.427725316596298,
            9.55221918653022,
            6.83990684657863,
            7.719013664201578
        ]
    },
    "medias": {
        "R2": 0.5612453876656318,
        "Desvio R2": 0.0986865276972672,
        "MSE": 64150.778153866835,
        "Desvio MSE": 15766.245530522217,
        "RMSE": 251.29917221461383,
        "Desvio RMSE": 31.614936313658745,
        "MAPE": 8.176613926073289,
        "Desvio MAPE": 0.8921454162397044
    },
    "Tempo de Execucao (s)": 1.710038185119629
}