{
    "metricas": {
        "R2": [
            0.4646166963847854,
            0.5569046670509871,
            0.4211353693207843,
            0.6126178216677548,
            0.6634806628561084
        ],
        "MSE": [
            72058.23416663884,
            71904.28354380745,
            88804.32286893934,
            49090.38420323498,
            51654.40326909941
        ],
        "RMSE": [
            268.4366483299902,
            268.1497408982665,
            298.0005417259159,
            221.5634992575153,
            227.27605080408145
        ],
        "MAPE": [
            8.18544923734494,
            8.46159625206688,
            9.602515230397508,
            6.891734960190794,
            8.531032193877927
        ]
    },
    "medias": {
        "R2": 0.543751043456084,
        "Desvio R2": 0.09005296346779632,
        "MSE": 66702.325610344,
        "Desvio MSE": 14702.821855272823,
        "RMSE": 256.6852962031538,
        "Desvio RMSE": 28.547930283002426,
        "MAPE": 8.33446557477561,
        "Desvio MAPE": 0.8679202807929075
    },
    "Tempo de Execucao (s)": 0.008689641952514648
}