{
    "metricas": {
        "R2": [
            0.8169776351939266,
            0.7818923001008917,
            0.8358144948533892,
            0.8634629522771073,
            0.8298965205893447
        ],
        "MSE": [
            24633.32033680038,
            35393.91352252808,
            25187.896853071703,
            17302.438020118676,
            26110.219393418985
        ],
        "RMSE": [
            156.95005682318302,
            188.13270189557178,
            158.70695275592593,
            131.5387320150178,
            161.58656934726656
        ],
        "MAPE": [
            4.791643302926888,
            5.817401271006872,
            5.518219529753922,
            4.338154891484304,
            5.584514551579494
        ]
    },
    "medias": {
        "R2": 0.8256087806029319,
        "Desvio R2": 0.026612429311311164,
        "MSE": 25725.557625187565,
        "Desvio MSE": 5762.917242419667,
        "RMSE": 159.38300256739302,
        "Desvio RMSE": 17.96151769171953,
        "MAPE": 5.2099867093502965,
        "Desvio MAPE": 0.5548572699771976
    },
    "Tempo de Execucao (s)": 2.3231770992279053
}