{
    "metricas": {
        "R2": [
            0.4646166963847854,
            0.5569046670509871,
            0.4211353693207843,
            0.6334151976182714,
            0.6634806628561084
        ],
        "MSE": [
            72058.23416663884,
            71904.28354380745,
            88804.32286893934,
            46454.87014777335,
            51654.40326909941
        ],
        "RMSE": [
            268.4366483299902,
            268.1497408982665,
            298.0005417259159,
            215.53391878721396,
            227.27605080408145
        ],
        "MAPE": [
            8.18544923734494,
            8.46159625206688,
            9.602515230397508,
            6.588349032988261,
            8.531032193877927
        ]
    },
    "medias": {
        "R2": 0.5479105186461873,
        "Desvio R2": 0.09355020296903788,
        "MSE": 66175.22279925169,
        "Desvio MSE": 15357.438837602282,
        "RMSE": 255.4793801090936,
        "Desvio RMSE": 30.09167888843934,
        "MAPE": 8.273788389335103,
        "Desvio MAPE": 0.9711303533652338
    },
    "Tempo de Execucao (s)": 3.043330430984497
}