{
    "metricas": {
        "R2": [
            0.61584608350657,
            0.6044436071152262,
            0.5968917001247935,
            0.6988563171388585,
            0.7255304383184686
        ],
        "MSE": [
            51703.98980280855,
            64189.79600226422,
            61841.331662056204,
            38161.94941046425,
            42130.00520124234
        ],
        "RMSE": [
            227.38511341512344,
            253.3570524028574,
            248.67917416232547,
            195.35083672834435,
            205.2559504648826
        ],
        "MAPE": [
            7.103467616448113,
            8.00486763516575,
            8.596007344827667,
            6.522357803904797,
            7.387429137579344
        ]
    },
    "medias": {
        "R2": 0.6483136292407834,
        "Desvio R2": 0.053178819214818845,
        "MSE": 51605.41441576711,
        "Desvio MSE": 10331.122978900987,
        "RMSE": 226.00562543470664,
        "Desvio RMSE": 22.95368570914468,
        "MAPE": 7.522825907585134,
        "Desvio MAPE": 0.7182217920010427
    },
    "Tempo de Execucao (s)": 0.007399559020996094
}